Post Text,Media Link,Media Type,Post Date,Post Reactions,Post Comments,Post Shares
"Jordan Brand knows that basketball has the power to fearlessly challenge the most impactful issues of our day, including systemic racism. But real change is possible only with a more complete understanding of how structural racism has impacted American history. To spark change at the local level, the Jordan Black Community Commitment (BCC) opened its annual Community Grants cycle this November, awarding grassroots nonprofits across America. Applications are open now through December 16. Qualified organizations can access the application at https://lnkd.in/gEnw_bBn In November, the Jordan BCC came together to celebrate a new collective of grantee organizations elevating stories of the Black experience during Breaking Bread â€“ an intimate two-day gathering in New York City that brought together new and existing storytelling partners as well as Jordan BCC family members, award-winning authors and leading scholars for the first time. Employees at Jordan Brand are part of this very same family. At the heart of the Jordan BCC is the desire to unite Jordan Brand family members to take action where itâ€™s needed most nationally. That bond is driven by action and shaped by a spirit of excellence to make real, tangible change. â€œThe Black Community has been the guardian of its own history for centuries in America, so this was an important moment for us to honor the tradition of storytelling that has protected this heritage, used change to heal and inspire joy, and celebrated the spirit of family that continues to advance the missions of the Jordan Black Community Commitment,â€ says Sarah Mensah, Jordan Brand President.Read more at https://lnkd.in/gSPBrHqfhashtag#JordanBCC hashtag#BreakingBread hashtag#JordanBrand 



â€¦see more",None,Image,,0,Comment,60 reposts
"Looking for a feel-good read? Us too. So we found some of the people, programs and causes that best embody our core mission: serve athletes (emphasis on the serve). Click in and get some energy going into 2024. âœ¨ âœ¨ âœ¨ hashtag#SwooshStories hashtag#JustDoIt hashtag#LifeAtNike



â€¦see more",https://www.linkedin.com/newsletters/swoosh-stories-7069770441220902912,Article,,0,Comment,59 reposts
"Coveted retro? Thereâ€™s a coveted job behind every pair.The employees who bring the Jordan Brand retro line to market every season feel a special responsibility in their day-to-day work, from shoe design to marketing to supply chain. The goal is the same: Help pass on the legacy of the Jumpman for a new generation. The spring 2024 collection was revealed today (Check out the AJ IV Bred Reimagined below ğŸ‘€ ). Behind much of the work were people like Itchelle Mapanao, Senior Product Line Manager (PLM) for Jordan Brand Womenâ€™s. Being a PLM at Jordan Brand is her dream job, she says, as she sits at the intersection of history that honors the man himself and forward-thinking vision for younger generations of Jordan Brand fans, especially women. One of her most rewarding moments came during her teamâ€™s recent market trip to Paris.â€œWe were walking through the streets of Paris, and I saw a teenage girl walk by wearing a pair of the Air Jordan IV Oil Greens that we released last year,â€ says Mapanao. â€œI was blown away by how well she styled the outfit with her shoeâ€” it was this beautiful mix of blues and greens. But more than that, I loved seeing how confident she looked as she walked by. Seeing women all over the world pair their unique style with our sneakers is magical. They beam with this confidence that you only get when wearing a pair of Js. I take a lot of pride in getting to help foster a love for Jordan Brand style among young women.â€Check out the spring 2024 Jordan Brand retro collection: https://lnkd.in/gRG2y5n5hashtag#Jumpman hashtag#JordanBrand hashtag#NIkeCareers



â€¦see more",None,Image,,0,Comment,44 reposts
"At Nike, we believe basketball is more than just a game. Itâ€™s an opportunity to break barriers, build community and expand sport for the next generation. The newestÂ N7 collectionÂ celebrates the power of the sport within the Indigenous community, something that hits close to home for Nike N7 General Manager Sam McCracken, a member of the Fort Peck Assiniboine and Sioux Tribes â€” and a former girls basketball coach at the high school level for more than 30 years throughout the Western United States.Through his current work with Nike N7, McCracken is committed to help give more Indigenous kids a chance to play basketball and other sports. The N7 Fund provides grants â€” administered by CAF America â€” to nonprofits that create youth access to sport in Indigenous communities across North America. This investment continues Nikeâ€™s legacy of support for Indigenous communities through the N7 Fund and other grants, totaling over $10.8 million to nearly 300 organizations since 2009.Two of our N7 Fund grantees â€” the Notah Begay III (NB3) Foundation  andÂ Rise AboveÂ â€” are using the investment to help grow the game for girls. This year, NB3 created its first basketball team for Native American girls (ages 10-13), with an Indigenous woman as its head coach. Rise Above hosted multiple youth basketball clinics and has plans for an all-girls camp next summer.Coincidentally, Rise Aboveâ€™s Co-Founder, Jaci McCormack, competed as a player against one of McCrackenâ€™s varsity girls high school teams in Beaverton, Ore. They may have been on opposing teams, but a shared passion for basketball and their community instantly connected them, says McCracken. â€œIâ€™m so proud of the impact Jaciâ€™s making, not only on young girls, but on so many kids in our community,â€ he says.Learn more about how Nikeâ€™s tapping into the power of basketball and other sports to level the playing field and build active, inclusive communities at https://lnkd.in/dkRgfFCxhashtag#SwooshLife hashtag#NativeAmericanHeritageMonth hashtag#NikeN7 hashtag#JustDoIt 



â€¦see more",None,Image,,0,Comment,99 reposts
"Can't beat this day for a WHQ run.Wanna join?https://jobs.nike.com/hashtag#NikeSpaces hashtag#SwooshLife hashtag#JustDoIt



â€¦see more",None,Image,,0,Comment,34 reposts
"Working at Nike, youâ€™re not the only one motivated to chase your sports dreams â€” your family is too.See how Lei, Art Director for Nikeâ€™s Greater China Brand Creative team, shares his passion for running with his son, and stokes confidence, pride and shoe-dog love for the next generation ğŸ‘Ÿ ğŸ’¥ hashtag#JustDoIt hashtag#NikeRunning hashtag#SwooshLife



â€¦see more",None,Video,,0,Comment,39 reposts
"Offering employees the best workspaces and work experiences is a NIKE, Inc. passion â€”Â and you could feel that energy in our EMEA Headquarters this week with the reopening of the Bill Bowerman Center (BBC). Built on 1928 Olympic grounds, the BBC is a tribute to our foundersâ€™ legacy, one that champions athletic achievement and the spirit of innovation. After a full renovation with sustainability, inclusivity and accessibility at the core, the BBC now has more than 100,000 square feet to explore, including best-in-class sports facilities, immersive spaces and an array of services to support our incredible Nike team. The terrace overlooking the Eliud Kipchoge Track & Field adds the final touch â€” and Eliud himself joined the team for the official renaming of the track. ""The BBC has always been the epicenter of EHQ, and employees have eagerly awaited the reopening,"" says Pom Zwart, Senior Director, EMEA Headquarters. ""This is where our teammates connect through sport, food and events, and Iâ€™m thrilled that we can welcome all of them, visitors, and the community again in a vibrant space that embodies the future of sport.â€ Sound like a company you want to be a part of? Check out our open roles at jobs.nike.comhashtag#JustDoIt hashtag#SwooshLife hashtag#NikeSpaces



â€¦see more",None,Image,,0,Comment,248 reposts
"â€œRunning is more than a hobby for me â€” itâ€™s a lifestyle. But it wasnâ€™t until I was diagnosed with a mild heart disease almost four years ago that I realized how integral running is to my very being.â€ Thatâ€™s Naoe Tanaka, Head Coach of Nike Ginza, the new Nike Rise store in the middle of downtown Tokyo. This location is in the heart of one of Japanâ€™s most vibrant running communities, which Nike Ginza is specifically designed to serve through a variety of in-store features and programming. Tanakaâ€™s passion for running led her to start working for Nike last year, and the camaraderie sheâ€™s found in the local running community has grounded her work in a deeper sense of purpose, she says. After the frightening diagnosis she mentioned above, she doubled down on finding ways to connect with other runners on what the sport gave her: Hope, healing, adventure and solidarity. And that's what the running programming at Nike Ginza is all about. Through regular events, like Nike Run Club Live group runs, Nike Ginza provides Tokyoâ€™s runners a space where they can savor movement with each other. â€œRunning with other people is something I started doing seriously once I joined the Nike family,â€ says Tanaka. â€œI remember my first staff run with my co-workers and feeling at home, supported and motivated in a way Iâ€™d never experienced before. What makes Nike so special is the sense of connection to others, and I've felt it firsthand. Thatâ€™s exactly what I want people to feel when they come to our store: a shared spark that makes you want to redefine what you think is possible.â€ Read more about Nike Ginza at https://lnkd.in/gQg-gHgdhashtag#NikeGinza hashtag#SwooshLife hashtag#JustDoIt 



â€¦see more",None,Image,,0,Comment,44 reposts
"Giving Tuesday is here, and weâ€™re highlighting how Nike, Jordan and Converse employees give back to the causes that matter most to them. Take it away, Kennard McClellan, Lauren Thomas and Jillian Rolland.Â ğŸ‘ğŸ½Shout out the organization you'll support this Giving Tuesday, when the Nike Foundation is offering a 2X match on all NIKE, Inc. employee monetary donations made on Give Your Best, our employee givingÂ platform. Looking for more ways to give back? Visit nike.com/give for organizations in North America and nike.com/gb/give for organizations across Europe and South Africa.hashtag#GivingTuesday2023 hashtag#GiveYourBest hashtag#SwooshLife hashtag#JustDoIt 



â€¦see more",None,Video,,0,Comment,46 reposts
"Climate change is one of the most existential threats to sport we will ever face. And we know it isnâ€™t just a sports issue â€” itâ€™s a community issue too. Thatâ€™s why Nike launched the Community Climate Resilience Program (CCRP) to help provide access to urban green spaces and parks and increase sports participation in the communities that need it most. In the year since CCRP launched, Nike has worked with Trust for Public Land to transform more than 117,000 square feet of public park space in New York City, Chicago and Los Angeles, serving nearly 100,000 adults and children. The positive outcomes have had a powerful impact on the employees working on the project too. â€œIn some cases, weâ€™re going into neighborhoods that are park desertsÂ without walkable access to real green space. By creating and opening these spaces, weâ€™reÂ unlocking the first real public parks for many members of these communities,â€ says Patrick Reaves, Nike Director of Business Integration for SocialÂ andÂ Community Impact, whoâ€™s helped lead the program. â€œThe site visits have been especially meaningful. Going from brainstorming this project in our office to seeing tangible change â€” a finishedÂ green schoolyardÂ for a community â€” is incredibly rewarding.Â And given the scale of climate inequity,Â I hope it's a catalyst for even moreÂ positive impact."" Find out more about how Nike is helping to improve communitiesâ€™ climate resilience: https://lnkd.in/gzxKeTRy hashtag#JustDoIt hashtag#ClimateAction hashtag#SwooshLife



â€¦see more",None,Image,,0,Comment,75 reposts
"Nikeâ€™s disability community is key to our success and brings creativity, diversity of thought and lived experiences to everything we create. Simply put, disability is a strength.To recognize Disability Employee Awareness Month in October, we celebrated Nikeâ€™s inaugural Accessibility Summit, produced by the Disability Network and the Accessibility Center of Excellence. The Summit brought people together from across the company to share employee stories, learn about innovative accessible product and show how Nike builds a disability-inclusive workplace.A key moment of the summit featured a panel with Tobie Hatfield discussing his work for more than three decades in designing accessible sneakers with people with disabilities. For Hatfield, centering the product on athlete feedback has always been core to Nikeâ€™s philosophy.â€œListening to the voice of the athlete is not just their voice, but itâ€™s their mannerisms, itâ€™s their character, itâ€™s all of it,â€ says Hatfield, Nikeâ€™s Senior Director of Athlete Innovation. â€œAt Nike, the â€˜voiceâ€™ is emblematic of the whole athlete and the whole person.""Learn more about Nikeâ€™s Disability Network and other employment opportunities at: https://lnkd.in/gkfjbuBX hashtag#DisabiltyIsAStrength hashtag#DisabilityEmploymentAwarenessMonth hashtag#NDEAM hashtag#NikeAccessibilitySummit hashtag#InclusionDrivesInnovation



â€¦see more",None,Image,,0,Comment,68 reposts
"Virgil Abloh was one of one. According to those who knew him best, the artist and designer most closely identified with skate in reflecting his creative principles through sport. The second annual Abloh Invitational, which took place this weekend in Miami, celebrated Virgil's enduring legacy and his love for the skate community. The two-day event featured freeriding sessions, competitions, community service opportunities, art exhibitions and more.For Leo Sandino-Taylor, Nike VP of Catalyst Brand Management, Virgilâ€™s ease in bringing different social circles together â€” from artists to athletes to cultural figures â€” speaks to his special ability to connect with people, including his Nike teammates.â€œVirgilâ€™s legacy lives on,â€ says Sandino-Taylor. â€œBy hosting a second event like this with our SB athletes and Virgilâ€™s nearest and dearest speaks to the deep relationship we had with him here at Nike. He wasnâ€™t only our creative peer, but our friend. For an artist who changed the world in a way only he could, weâ€™re honored to celebrate him in a way that only we could.â€ Learn more about this weekendâ€™s event at https://lnkd.in/gqyKweyRhashtag#AblohInvitational hashtag#JustDoIt hashtag#NikeSB 



â€¦see more",None,Image,,0,Comment,43 reposts
"Do you hear it? The dribble of the ball, the shoes squeaking on the court, the swish of the net â€” basketball is in the air, baby! The newest Swoosh Stories arrives just in time for NBA Opening Day. We'll stack our lineup against anyone, from pinnacle products to elite players to the best experiences for hoopers the world over. Get in the game ğŸ€ hashtag#SwooshStories hashtag#JustDoIt



â€¦see more",https://www.linkedin.com/newsletters/swoosh-stories-7069770441220902912,Article,,0,Comment,72 reposts
"Every year, one of NIKE, Inc.â€™s most important beliefs â€” that all kids should have the opportunity to play, regardless of background, gender or ability â€” comes to life right here on our WHQ campus.Through Nikeâ€™s longtime partnership withÂ Special Olympics Oregon (SOOR), we had the privilege of hosting the SOOR Games last weekend, an opportunity to help introduce sport to nearly 500 young athletes with intellectual disabilities while celebrating the joy of movement with them and their families. And just as many Nike employees show up as volunteers. The SOOR Games is one of the fastest -filled employee volunteer events at our company. For many, the experience is an all-time Nike highlight, including for Paige La Flamme, a Nike Business Operations and Planning Lead in Technology Management, who also Co-Chairs Nikeâ€™s Disability Network. La Flamme says itâ€™s only fitting that Nikeâ€™s spirit of volunteerism is so strong at the event. â€œThe Special Olympics Youth Games is one of my favorite days of the year,â€ says La Flamme. â€œAs a previous Special Olympics Oregon Intern, this organization and most importantly, the athletes, have a special place in my heart. It's amazing to see the power of the Nike Community come together to celebrate and show the collective strength of disability and the importance of sport through this event.â€The SOOR Games are only one example of NIKE, Inc.â€™s commitment to support accessibility and disability. In honor of National Disability Employment Awareness Month, Nikeâ€™s Disability Employee Network will lead a number of events in October that highlight the companyâ€™s dedicated hiring programs and the ways in which Nike is increasing accessibility for employees of every background.Learn more about Nikeâ€™s employee networks at https://lnkd.in/gcxyit3Shashtag#LifeAtNike hashtag#JustDoIt hashtag#Nike hashtag#SOOR



â€¦see more",None,Image,,0,Comment,142 reposts
"If you had the opportunity for a face-to-face conversation with the spiritual leader of the marathon world, what would you say?During his third Nike China tour, champion Eliud Kipchoge had breakfast with several of our Nike employees who shared personal, heartfelt examples of how Eliud's running journey has fueled their own.  Learn more about EK's 20 years with the Swoosh and how he's inspired the entire running community: https://lnkd.in/g5Ubqxym hashtag#JustDolt hashtag#SwooshLife hashtag#EliudKipchoge



â€¦see more",None,Video,,0,Comment,44 reposts
"A commitment to inclusivity. Strong female leadership. Competitive benefits and flexible work options. An innovative culture, products and global impact. This was the value proposition we brought to Orlando last week for the 2023 Grace Hopper Celebration: The Way Forward. GHC brings the tech industry together for the largest gathering of women and non-binary technologists, and Nike was there to help build a more inclusive and equitable future.Across the four days, attendees had the opportunity to meet with the Nike Talent Acquisition team, get a closer look into hashtag#LifeAtNike and hear why the Swoosh is the place to further a career in tech.â€œWe don't just talk about diversity and inclusivity; we live it. Talented women are driving tech innovation here every day,â€ says Leena Patankar, a Nike manager for software engineering and RES quality engineering, who attended GHC. â€œAt Nike, Iâ€™ve found a supportive community of women offering resources, mentorship, and growth opportunities â€” and I feel like my voice matters and my ideas are valuable.â€Sound like the kind of company you want to be a part of? Check out our open roles and internships: https://jobs.nike.com/hashtag#NikeTech hashtag#SwooshLife hashtag#GHC23



â€¦see more",None,Image,,0,Comment,58 reposts
"What â€œteamâ€ means to us: showing up for each other, for our community, and celebrating the joy of sport â€” for all. That was the vibe as Nike Taiwan again joined one of the largest gender-inclusive celebrations in Asia, the 2023 Taiwan Pride Parade. Alongside the parade, the team hosted a â€œBe Trueâ€ exhibit of photographs and illustrations inspired by the LGBTQIA+ community and its impactful legacy in sport and beyond.Â Launched in 2012, Be True is a company-wide effort to create more inclusive spaces in sport and part of Nikeâ€™s commitment to the LGBTQIA+ community. Check out the BTS of the exhibit and learn more about how Nike Taiwancelebrates all athletes: https://lnkd.in/dAGQvpaa hashtag#WinAsATeam hashtag#BeTrue hashtag#NikeTaiwan



â€¦see more",None,Video,,0,Comment,57 reposts
"Summer interns, thatâ€™s a wrap! Each year, the NIKE Internship Program is proud to welcome a diverse group of standout students to NIKE, Inc. offices. While we've said goodbye to our U.S. interns, weâ€™re excited to welcome interns to our European offices this month. Applying their talents to a variety of fields across Nike, Jordan and Converse, our interns make a real impact for our business, receive mentorship, and ultimately, help us shape the future of sport. Check out the snapshot below of how our summer U.S. interns made NIKE, Inc. even better. Sound like a company you want to be a part of? Weâ€™re accepting internship applications for our 2024 U.S. program now. Rising juniors have until October 9 to apply and first-year MBA students should apply by December 3: https://lnkd.in/d-iK3aThashtag#SwooshLife hashtag#InternProgram hashtag#NikeInterns hashtag#NikeInternProgram



â€¦see more",None,Video,,0,Comment,120 reposts
"Our annual JDI Day is the ultimate celebration of sport â€” and the peopleÂ around the worldÂ who make the NIKE, Inc. magic happen: our employees. Last Thursday, teammates, athletes andÂ special guests came togetherÂ to have fun and enjoy sportÂ onÂ a dayÂ thatÂ culminated with our 2023 Global Maxims Awards Show, which honors the teams that moved our business, brands and purpose forward during the past year.Learn more here: https://lnkd.in/gVVrvZy8And if this sounds like a company you want to be a part of, check out our open roles: www.jobs.nike.comhashtag#JustDoIt hashtag#Nike hashtag#DreamTeam



â€¦see more",None,Video,,0,Comment,252 reposts
"Look good, feel good, perform best. Our Nike athletes continue to tell us how important self-expression is to their winning formula. This weekend at the Prefontaine Classic, Nike offered an on-site styling suite for our world-class roster of track and field athletes to discover and express their iconic personal style and personalities â€” in and out of competition. â€œOur jobs at Nike provide a unique opportunity to help foster that intersection of sport and style,â€œ says Jenna Golden, Global Senior Director, Athlete & Sport Marketing Communications. â€œFrom working closely with our athletes, we know that owning your look can fuel so much energy and confidence â€” whether youâ€™re an elite athlete competing on the world stage or chasing your own personal goal.â€  Check out more looks from the event: https://lnkd.in/gvkT2B2Phashtag#Nike hashtag#JustDoIt hashtag#SwooshLife 



â€¦see more",None,Image,,0,Comment,81 reposts
"Schoolâ€™s in at NIKE. Weâ€™re pumped to welcome the NIKE Intern Class of 2023 to our offices in the U.S., Europe, Mexico and Singapore this summer. More than 300 undergraduate and graduate students will join the NIKE Internship Program, working in a variety of business areas across Nike, Jordan and Converse. Theyâ€™ll build connections with our community, take on meaningful projects, get critical, hands-on professional experience and receive mentorship from managers like Latanya Black-Kanna, MBA, who help them apply their studies to a corporate environment. ""The experience of working in large teams and developing connections with teammates outside of their professional focus helps them piece together the bigger puzzle and understand how great products are made,â€ says Black-Kanna, an Engineering Director in Product, Innovation & Consumer Creation. In turn, the interns bring their unique skills to help NIKE to serve athletes and create the future of sport. Teammates like Black are eager to mentor this standout group of students who represent our next generation of leaders. ""As technology is improving, it's important to explore and have exposure to various platforms that are driving forces to the business world,â€ she says. â€œTheir ability to bring a new mindset, set of skills and ways of thinking is so enlightening for our teams."" To the Class of 2023: Welcome to NIKE! We canâ€™t wait to see the impact youâ€™ll make. Learn more about the program at https://lnkd.in/d4JSd6huhashtag#nikeintern2023 hashtag#swooshlife hashtag#internprogram hashtag#nikeinterns hashtag#nikeinternprogram



â€¦see more",None,Image,,0,Comment,126 reposts
"Ready to break some records? Meet the new Nike Alphafly 3, the lightest and most tested Alphafly ever. Marking the next chapter of Nikeâ€™s relentless commitment to push the boundaries of innovation and design, the Alphafly 3 delivers marathon speed for all runners â€” powered by Nike Air Zoom. Under the hood, the Alphaflyâ€™s system of speed remains the same in the third edition â€” with Nikeâ€™s proprietary combination of Air Zoom units, ZoomX foam and a carbon fiber Flyplate. Whatâ€™s new is a fine-tuned engine to optimize and improve the overall benefit to all marathoners, regardless of their pace. â€œEverything we create at Nike is rooted in breaking barriers, inspiring the world and moving the sport forward,â€ says Bret Schoolmeester, Sr. Director, Nike Running Footwear. â€œFour years after it hit the scene, the Alphafly and our athletes are still at the front of the pack. The new Alphafly 3â€™s design has been optimized to help all athletes chase their personal best in the marathon, no matter their pace.â€ Learn more about the new Nike Alphafly 3 at https://lnkd.in/g_pAee9J hashtag#NikeRunning hashtag#NikeAlphafly3 hashtag#JustDoIt hashtag#Innovation



â€¦see more",None,Image,,0,Comment,161 reposts
"Menstruation. Periods. Leaks. Weâ€™re comfortable saying the words, and our designers have obsessed how to help address the common problem â€” bleed-through â€” that periods can bring. Leak Protection: Period, our new Nike innovation, can help people feel safer, more confident, and better able to focus on the movement they love â€”Â including our Nike athletes on the pitch in Australia and New Zealand, who are wearing the innovationÂ integrated into their Nike Pro short.â€œProfessional footballers play two 45-minute halves without breaks or time-outs, and many told us they can spend several minutes on-pitch concerned that they may experience leakage from their period,â€ says Jordana Katcher, VP Womenâ€™s Global Sport Apparel. â€œWhen we showed them this innovation, they told us how grateful they were to have this short to help provide confidence when they canâ€™t leave the pitch.â€Watch below to see how Nike created Leak Protection: Period, and learn more about our newest womenâ€™s innovations here: https://lnkd.in/g9uvxc8Fhashtag#JustDoIt hashtag#CultureOfInnovation hashtag#ExpandingSport



â€¦see more",None,Video,,0,Comment,302 reposts
"The Doernbecher Freestyle XIX Collection releases this Saturday, December 2. The launch includes six of the most creative, imaginative footwear designs youâ€™ll see all year, each of them designed by six young patients from Oregon Health & Science University Doernbecher Children's Hospital in Portland, Ore., along with a team of Nike creatives. To say itâ€™s one of the most popular volunteer opportunities at NIKE, Inc. is an understatement.  Joining the design process this year was Leslie Howerton, a Senior Manager in Material Operations at the Bowerman Footwear Lab. Her passion for the event is deeply personal. Almost three years ago, her 7-year-old daughter, Winnie, passed away after a long battle with leukemia, and she was treated primarily at Doernbecher. â€œFor these kids who are going through treatment, in the middle of a nightmare they had no say over, they finally have a sense of control over something,â€ says Leslie about the Freestyle program. â€œOur Nike teams are here to help make their creative vision a reality, but the kids are in the driverâ€™s seat. The Freestyle process is a great example of what happens when creative outlets put power back into the hands of kids.â€Never underestimate the power of some cool shoes, says Leslie. She saw that first-hand with Winnie. As she was receiving treatment, Winnie received a pair of custom Air Force 1s with pink, sparkly rainbows and unicorns on them â€” lovingly designed by Leslieâ€™s Nike teammates in the Bowerman Footwear Lab. Leslie remembers how Doernbecherâ€™s nurses would walk into Winnieâ€™s room and shower her with compliments on the shoes. Winnie would smile, saying how the design was the only one, and adding that the shoes made her feel famous.â€œThatâ€™s what shoes can do,â€ says Leslie. â€œThese Freestyle patient designers get to step outside of their medical situation and feel famous, too.â€Learn more about the Doernbecher Freestyle XIX Collection at: https://lnkd.in/g5Snvbsahashtag#DoernbecherFreestyle hashtag#OHSU hashtag#SwooshLife 



â€¦see more",None,Image,,0,Comment,61 reposts
"When Sam McCracken, Founder and General Manager of Nike N7, and Pearl Jam co-founder and bassist Jeff Ament â€” both rockstars for the Indigenous community â€” first met, the two visionaries from Montana knew they could create something magical together.  Jeffâ€™s nonprofit, Montana Pool Service (MPS), builds skateparks and connects communities in the West through skateboarding and the arts. So, partnering with Nike to construct a world-class skatepark that would coincide with the opening of two new N7 basketball courts at Standing Rock Indian Reservation this summer seemed like the perfect next step.Through the combined efforts of MPS, Nikeâ€™s Native American & Friends Network (NAN, of which Sam is co-chair) and the N7 Fund, both facilities opened in June, providing a safe outlet for local youth to express themselves through movement, get outside, connect with their culture, and strengthen the community. More than 700 people showed up to celebrate, including NAN members who were thrilled to serve the kids and community as volunteers.â€œThe opportunity to give back and invest in my community while also pursuing my own career goals is one of the greatest things about working for Nike. Itâ€™s what makes this place special, and it gives me a sense of purpose in my work,â€ says Tyler Hogan, Business Operations Manager, NA RSG, and NAN co-chair, who took the lead in planning the opening and made it a priority to partner closely with members of the community throughout.  Partners in the Standing Rock community who helped make this possible included OÃºÅ‹, a community development nonprofit led by Executive Director Billi Jo Behler, and N7 Ambassador Shauna Long, whose organization Healthy Hoops offers basketball clinics and camps for kids in Standing Rock. They also worked with Grey Willow Media, a tribally-owned sound/production company, and Sweet Tâ€™s food truck. Nike N7 and OKC Thunder DJ Emcee One kept the energy up, while Indigenous photographer Tyrell Ironeyes chronicled the community moments.â€œHaving access to world-class facilities like these is a gamechanger for kids in the Standing Rock community â€” to help unlock their potential through play and sport â€” and our NAN members were critically important to making it all happen,â€ says Sam. â€œIt was such a powerful experience to be there and see how we can all show up together, both as Indigenous people and Native American employees at Nike.â€hashtag#NikeN7 hashtag#JustDoIt hashtag#SwooshLife



â€¦see more",None,Image,,0,Comment,75 reposts
"Recently, the Nike team noticed that the majority of women logging their first workout on the Nike Run Club app were averaging a 13-minute mile. But they werenâ€™t just running at that pace â€” they were fluctuating between walking, jogging, running, starting and stopping throughout their activity.This observation led to innovation â€”Â Nike Motiva, a new shoe designed for running, jogging and walking with more with comfort and ease.Â â€œIn designing Motiva, we really went after removing distractions, addressing the discomfort that can go along with how you feel both during and after an activity,â€ says Dr. Emily Farina, Principal Researcher in the Nike Sport Research Lab. â€œThe result is a shoe that can help reduce disruptions in your stride to make moving feel smoother â€” and, we hope, help you want to come back for more.â€Here, watch how Emily and the Nike team brought Motiva to life, and see more behind-the-scenes looks at our Nike Womenâ€™s innovations at https://lnkd.in/g9uvxc8F hashtag#SwooshStories hashtag#Innovation hashtag#JustDoIt hashtag#LiveWellLived



â€¦see more",None,Video,,0,Comment,257 reposts
"Here's how we're showing up for our athletes on the pitch in Australia and New Zealand â€” and for every player and fan of the game. The latest edition of Swoosh Stories takes you behind the innovative Nike products, pivotal moments and ğŸ”¥ collaborations. Read up! hashtag#SwooshStories hashtag#JustDoIt hashtag#WC23



â€¦see more",https://www.linkedin.com/newsletters/swoosh-stories-7069770441220902912,Article,,0,Comment,67 reposts
"Last month, NIKE, Inc. received an Equal Justice Award from the Legal Defense Fund (LDF) for its commitment to creating the pathways, culture and practices that represent the people it serves. The organization also recognized the work of NIKE, Inc.â€™s Black Community Commitment, investing in and supporting organizations addressing racial inequality for Black Americans. Ahead of the awards gala in NYC, LDF President and Director-Counsel Janai Nelson visited Nike's WHQ to talk with employees â€” and Nikeâ€™s first-ever Office of the General Counsel (OGC) Fellows. â€œAs a new attorney, a big focus for me is figuring out how to achieve my career goals and gain valuable experience, while also being involved in social justice,â€ says OGC Fellow Brittani Gambrell, a graduate of Howard University School of Law. Thatâ€™s one of the reasons she â€” along with OGC Fellow Jasmine Henderson, Esq., a graduate of North Carolina Central University School of Law â€” was thrilled to get some one-on-one time with Janai. â€œOnly 2% of attorneys are Black women, and I often hear stories about them facing microaggressions in corporate offices and law firms. To be at a company like Nike that values the intersectionality of who I am, facilitates conversations like these and invests in the Black community, is astonishing,â€ says Henderson. â€œIt makes me feel like this is somewhere I can grow and be the best version of myself.â€ Nikeâ€™s one-year OGC Fellowship was created to improve the legal talent pipeline from historically Black colleges and universities. â€œIt requires excellence â€” the best possible legal representation we can provide â€” to transform our conditions in our circumstances,â€ says Nelson. â€œThatâ€™s what drives us to ensure we have necessary support, and our relationship with Nike is a great example of that.â€Learn more about Nike's commitment to diverse representation at https://lnkd.in/gXRjky_rhashtag#JustDoIt hashtag#BlackCommunityCommitment hashtag#SwooshLife



â€¦see more",None,Image,,0,Comment,58 reposts
"We believe girls are the future of sport, the future of our brand and the future of our business. And we know that propelling girls to the forefront of sport will make it more inclusive, inviting and accessible to all. Thatâ€™s how â€œYou Got Thisâ€ was born. This YouTube series for 10- to 13-year-old girls is focused on vulnerable yet empowering conversations among adolescent girls, athletes and creators that illuminate how sports can help you find your confidence and true self as you grow up. We hope it shows the power of our commitment at Nike. â€œThe momentum and energy behind women and girls in sport is phenomenal, and I feel incredibly honored to be in this change-making role at this time,â€ says Stephanie Ankrah, VP, Nike Kids Global Brand Management. â€œHaving grown up playing sport, I have benefitted from the physical, emotional and mental power it gives you. And being part of a team who are supporting girls to be inspired to be in and stay in sport drives a huge internal purpose and passion for myself and the whole team.Â We want all girls to feel and experience the power of playing sportÂ to build a lifetime of confidence.â€Check out the video to launch â€œYou Got Thisâ€ â€” and find out more about how weâ€™re supporting girls and women in sport here: https://lnkd.in/g9uvxc8F hashtag#InternationalDayOfTheGirl hashtag#PlayIsPower hashtag#YouGotThis



â€¦see more",None,Unknown,,0,Comment,111 reposts
"Breakthrough Nike products, cutting-edge innovations, best-in-class benefits  â€” we're highlighting it all in the first edition of Swoosh Stories, your source for the latest Nike news and moments. Subscribe to stay on the inside ğŸ“° ğŸ’¥ hashtag#JustDoIt hashtag#SwooshLife hashtag#Nike



â€¦see more",https://www.linkedin.com/newsletters/swoosh-stories-7069770441220902912,Article,,0,Comment,61 reposts
"Juneteenth, also known as Freedom Day, commemorates the day slavery ended in the United States in 1865. To celebrate, NIKE, Inc. closed today for all U.S. corporate and retail employees. The NIKE, Inc. family kicked off the celebration all of last week with special events and community gatherings spanning the U.S., including celebrations in Beaverton, Galveston, Memphis and New York. At Nikeâ€™s World Headquarters, NIKE, Inc. teammates from national retail stores, distribution centers and Nike Air Manufacturing Innovation (Air MI) came to campus to experience some of the Juneteenth events firsthand, headlined by an inspiring conversation between Colin Kaepernick and W. Kamau Bell on how sport culture can drive activism. The group was selected based on their answer to a fitting question: What does freedom mean to them?  Teon Lee, an Athlete Services Coach in Lancaster, Pa., said one of his favorite parts of the week was getting to meet more Nike teammates from all over the country. â€œIt really is a family here,â€ says Lee. â€œYou realize in moments like these how weâ€™re at our best when weâ€™re together, whether thatâ€™s in running a business or in celebrating a moment like Juneteenth.â€ For Desiree' Scott, a Nike Air MI Machine Operator in Florissant, Mo., being with a company that recognizes Juneteenth is personally significant. Simply put, sheâ€™s free to be herself. â€œWith me being biracial, I sometimes struggle fitting in,â€ says Scott. â€œThis hasnâ€™t been a struggle since working at Nike. Being with a company that has led with its values has taught me how to navigate through life, inside and outside of my work.â€ Nikeâ€™s unique role in the cultural conversation around Juneteenth â€” at the center of creating change through sport â€” is a natural fit for Surina Conway. The Distribution Center Coordinator in Memphis, Tenn., believes sport can rally people from different walks of life and bring them together. â€œSport can provide a platform for those who have no voice to create change in the world,â€ she says. â€œItâ€™s empowering to work for a company that believes sport can impact the world in a positive way. It makes me feel limitless in giving me a space every day to advocate for change around me.â€ Learn more about how NIKE, Inc. creates a culture of belonging at: https://lnkd.in/ds-wqX7vhashtag#JustDoIt hashtag#Juneteenth hashtag#Juneteenth2023 hashtag#SwooshLife 



â€¦see more",None,Image,,0,Comment,79 reposts
"Offering employees the best workspaces and work experiences is a NIKE, Inc. passion â€”Â and you could feel that energy in Greater China today with the opening of the Yi Jianlian Building (YJB). Named after standout Chinese basketball player Yi Jianlian, the YJB Building is nine floors, 15,000 square meters, and 100 percent immersive in sport culture. It is also LEED Gold certified with innovative features â€” wellness lounges, massage chairs, nap pods, fueling stations â€” that consider employee health and nutrition and overall sustainability and accessibility.On hand to inaugurate the building with Greater China employees was its namesake, Yi Jianlian, John Donahoe, President and CEO of NIKE, Inc., Angela Dong, VP/GM of Nike Greater China, and Craig Williams, President, Geographies & Marketplace, NIKE, Inc. Designed to pay tribute to Yi's dedication and inspiration for Chinese basketball, the YJL Building also showcases Nike's commitment and determination to support China's sports industry and its Greater China teammates. Employees have been eagerly awaiting the opening, says Annie Cheng, Converse Entertainment Marketing Director, callout out her favorite feature, Yi's famed maxim â€” ""How far talent takes you is determined by passion, sacrifice and perseverance"" â€” emblazoned on the wall of the lobby entrance. ""That quote has been a personal inspiration of mine,"" says Cheng, ""and I know it will inspire our employees who work in this building every day.""hashtag#JustDoIt hashtag#SwooshLife hashtag#NikeSpaces 



â€¦see more",None,Image,,0,Comment,170 reposts
"You saw it on the pitch in Australia and New Zealand â€”Â the new Phantom Luna boot, our most innovative and researched womenâ€™s-led boot in Nike history. We obsessed traction, fit and feel for female footballersâ€™ needs to help them move with agility, precision and confidence on the field. Here, go behind the scenes of the bootâ€™s creation with Elysia Davis, Principal Researcher in the Nike Sport Research Lab â€” and learn more about Phantom Luna at https://lnkd.in/eCZUbdkthashtag#JustDoIt hashtag#Design hashtag#Innovation 



â€¦see more",None,Video,,0,Comment,85 reposts
"Weâ€™re celebrating Global Accessibility Awareness Day by announcing the rebrandingÂ of our NikeUNITED employee networkÂ â€”Â from the Ability* Network to theÂ Disability Network.Â Weâ€™reÂ reclaiming the word â€œdisabilityâ€ as a source of strength, diversity and insight,Â and a core part of our culture of belonging and innovation. Here, NIKE, Inc. employees share howÂ the networkâ€™s renaming is empowering them to boldlyÂ shareÂ who they are.Learn more about how Nike champions accessibility inÂ our FY22 Impact Report: https://lnkd.in/eczBJ3dH hashtag#NikeDisabilityNetwork hashtag#SayTheWord 



â€¦see more",None,Video,,0,Comment,222 reposts
"Hold up. A revolutionary midsole foam derived from aerospace engineering...appearing in Nikeâ€™s record-breaking marathon shoesâ€¦now for basketball? ğŸ‘€  This is the kind of futuristic design you can expect in Nike Basketball's â€œGreater Thanâ€ series, which just welcomed its newest addition: the G.T. Cut 3, marking the first time our Nike ZoomX Foam has appeared in a basketball shoe. Ben DeSanno, a senior product line manager with Nike Basketball, works with a team that's empowered to use the latest Nike technology to improve what players can achieve on the court, helping them uncover every possible edge over their opponent. The debut of ZoomX Foam is a huge moment for basketball performance â€” but there was another part of the launch that was especially satisfying for Ben. â€œThe G.T. Cut 3 is the first time weâ€™ll release both a kids-specific version and a lower-priced version with similar performance benefits in mind,"" says DeSanno. â€œWe talk a lot here about expanding access to basketball for everyone. The launch of the G.T. Cut 3 is a major way weâ€™re doing that through product design. Itâ€™s changing the game for even more people.â€ Learn more about the G.T. Cut 3: https://lnkd.in/gtvu_xhb hashtag#JustDoIt hashtag#NikeBasketball hashtag#GrowTheGame



â€¦see more",None,Image,,0,Comment,78 reposts
"Nike became a founding partner of Aspen Institute Sports & Society's Project PlayÂ a decade ago after rallying around a simple observation: Kids werenâ€™t playing like they once were. The Project Play Summit, which celebrated its 10thÂ anniversary last week in Colorado Springs, CO, gathered together some of the biggest thought-leaders in youth play and movement to collectively answer a simple question: What do we want to do about it?  â€œTen years ago, we were focused on creating an architecture of movement for kids,â€ says Caitlin Morris, Vice President, Social & Community Impact, NIKE, Inc. â€œBringing all these like-minded leaders in one place to share how we can give kids positive experiences in sport is one of the powerful ways Nike is helping lead the global conversation.â€ The Summit included panels led by other Nike senior leaders focused on innovative ways to get kids moving. Matt Geschke,Â Senior Director of Nike NA Social & Community Impact, led a conversation on how Nikeâ€™s building active, inclusive communities around the world, leading with a focus on girls and training more diverse female coaches. Karie Conner, Vice President and General Manager of Nike NA Kids and Accessories, explained how Nikeâ€™s Kids business invites all kids to play through age-specific products and experiences. Sam McCracken, General Manager of Nike N7, introduced a panel focused on reaching Indigenous youth through skateboarding. â€œIt was incredible to take the Summit stage along with other senior leaders at Nike who also take play seriously,â€ said Caitlin. â€œKarie, Sam and Matt are all leading their teams to put kids at the center of their own experience, with the goal of creating a future of sport where everyone feels they belong.â€ What does play mean to some of our leaders and athletes? Hear what they had to say at https://lnkd.in/grUi7y5phashtag#JustDoIt hashtag#MadeToPlay hashtag#ProjectPlay



â€¦see more",None,Image,,0,Comment,61 reposts
"Last week, Nike employees came together for Ascend Fest, a celebration of Asian American and Pacific Islander Heritage Month (AAPIHM). The festival, which was organized by the volunteer-led Ascend Employee Network,Â featured a fashion show, food, panel interviews, music and moreÂ â€” all recognizing the ways in which Nike is made better by its AAPI (Asian American Pacific Islander) communities. The Ascend Network even created a special exhibition from the Department of Nike Archives presenting a stacked lineup of shoes and apparel to show off the influence of the AAPI community on Nikeâ€™s product history ğŸ”¥. These festivities served as the bridge from Arab American Heritage Month in April, where the Ascend MENA (Middle East and North Africa) communitiesÂ closed with a live show by DJ Habibeats. â€œAscend Fest is the manifestation of the communityâ€™s talents and identities,â€ says Skye Lee, Nike Director of North America Strategy and Co-Chair of the Ascend Network. â€œHistorically, the MENA, Pacific Island, and Asian communities have hidden parts of our identities to assimilate into American culture, but Ascend has been on a journey to unpack that. Ascend Fest is a platform toÂ unapologetically embrace everything that we represent. Organizing events with so many like-minded, talented people is something I love about the NikeUNITED networks.â€Learn more about our employee-led communities here: https://lnkd.in/gcxyit3Shashtag#SwooshLife hashtag#LifeAtNike hashtag#Ascend hashtag#NikeUnitedPhoto Credits: Amy Sakurai and Brian Valdez



â€¦see more",None,Image,,0,Comment,101 reposts
"Your craft can be your career as a designer at Nike. Whatever your background, Nike is a place for you to shape a creative vision thatâ€™s totally your own.â€œPeople think about growth a lot like climbing a ladder,â€ says Caroline Rogers Abero, Senior Creative Director for Womenâ€™s Footwear in Color. â€œBut really, itâ€™s all about the different experiences [you have] to become as expansive as possible as a creative. Thatâ€™s something I highly encourage here.â€Learn more about Nikeâ€™s Design community here: https://lnkd.in/gSEZNpeAhashtag#NikeCraftTheFuture hashtag#NikeDesign hashtag#LifeatNike hashtag#NikeCareers hashtag#SwooshLife



â€¦see more",None,Video,,0,Comment,93 reposts
"On this National Intern Day, weâ€™re excited to celebrate the meaningful contributions of the more than 300 students who are part of the NIKE, Inc. Internship Program across the globe. Many of those contributions were on display during last weekâ€™s annual â€œIntern Combineâ€ â€” four-day competition where a subset of our U.S.-based interns work in cross-functional teams to reimagine areas of growth for NIKE, Inc., present their ideas and receive feedback from Nike, Jordan and Converse leaders. Beyond the Combine, all of our interns take on meaningful projects specific to the business they support. To close out their programs, this talented group of undergraduate and graduate students presents their learnings to leaders and teammates, sharing creative solutions intended to make a big impact. â€œThis has been such a challenging, yet rewarding experience,â€ says Shantelle Megan Serafin, an undergraduate at UC San Diego who is interning as a software engineer in Global Technology. â€œYouâ€™re working with a diverse group of people with different skill sets, coming together to create something new.â€ That diversity of thought, fresh perspectives and creativity are key to why the Internship Program serves as a critical pipeline for emerging NIKE, Inc. talent. The interns not only represent the athletes we serve, but the mindset we need to continue to embrace. Learn more about the program at https://lnkd.in/d-iK3aT hashtag#NikeIntern2023 hashtag#SwooshLife hashtag#InternProgram hashtag#NikeInterns hashtag#NikeInternProgram



â€¦see more",None,Video,,0,Comment,123 reposts
"How does Nike define holistic fitness? The focus is on more than pure sport. As Liz Weldon, our VP of Global Nike Womenâ€™s Brand Management, puts it, â€œWeâ€™ve really been looking at how do we serve and bring health and wellness across all aspects of body, mind and life.""Take a look at how weâ€™re making that happen, and check out more ways weâ€™re expanding sport here: https://lnkd.in/g9uvxc8Fhashtag#JustDoIt hashtag#SwooshLife hashtag#HolisticFitness



â€¦see more",None,Video,,0,Comment,207 reposts
"The WNBA (Women's National Basketball Association) preseason kicks off tomorrow, but the fourth cohort of Women in Nike [WIN] is already a few months into translating their experience as professional basketball players to NIKE, Inc.â€™s World Headquarters in Beaverton, Oregon, as full-time employees. And WIN is growing: This yearâ€™s cohort has expanded to include USA Track & Field athletes, a first for the program.The WIN fellows bring their skills and insights from the highest levels of sport over to NIKE. Through a two-year, full-time role matched to the passions and experiences of the fellows, the program is helping build the next generation of talent here at the company. In short, WIN makes NIKE better.â€œWeâ€™ve all accomplished incredible things in track and basketball,â€ says Geena Levoe, Nike Footwear Analyst and a former pro 800-meter runner who represented the United States in London 2012. â€œNow, weâ€™re on the other side of those careers, and we get to give back to the next generation of athletes. Competing, winning: That was what we were born to do. Now we have another purpose that matches Nikeâ€™s maxim of serving athletes. Itâ€™s powerful stuff.â€Nicole Bush, Nike Associate Merchant for Kids/Boys Performance, now uses many of the skills that made her the 2013 American champion in the steeplechase: leadership, resilience, hard work and a sense of purpose.â€œWe have a high baseline for doing things. Thatâ€™s why the program exists,â€ she says. â€œNIKE trusts that our baseline as athletes can help the whole company grow through our ability to lead, to think outside of the box and to innovate.â€NIKE needs the best and the brightest employees to help bring sport to athletes everywhere â€” people like Yolanda Moore, M.S., who won back-to-back titles with the WNBAâ€™s Houston Comets in the late â€™90s. Sheâ€™s also a published author, life coach and Ph.D. candidate in instructional systems and workplace development. She now works in footwear product testing with Jordan Brand.Moore says the programâ€™s expansion to other sports reflects the same mindset that her cohort brought to the court and the track: Never settle. Always consider how an individual, team or whole company can improve. Then get after it.â€œCreating space for us as the voice of the athlete and then respecting what we bring will continue defining the program as it grows to more sports,â€ says Moore. â€œWeâ€™ve got some dope women here. Open the gate. Let us do what we do.â€Learn more about the program here: https://lnkd.in/gXRjky_rhashtag#LifeAtNike hashtag#NikeDEI hashtag#JustDoIt hashtag#WomenOfNike hashtag#SwooshLife 



â€¦see more",None,Image,,0,Comment,109 reposts
"When babies learn to walk, itâ€™s like going from 0 to 100 â€” they GO. Parents know best of all how quickly toddlers morph from crawling to walking. So when Fanny Yung Ho became a parent herself, she realized she was in a unique position to design product that helped promote the early walking patterns for our littlest athletes.â€œAs a footwear designer with 15 years of experience, I realized I actually have the skillset and the expertise to help design a better product for toddlers learning to walk,â€ says Fanny, a Nike Senior Manager in Design Innovation, NXT. â€œMy teammates approached some of our colleagues on the knit team and asked how we could create a seamless, 360-degree Flyknit bootie. The Swoosh 1 took off from there out of that partnership.â€Read more about the Nike Swoosh 1, the brandâ€™s latest kids-first innovation: https://lnkd.in/gAXjDppNhashtag#JustDoIt hashtag#NikeSwoosh1 hashtag#NikeDesign 



â€¦see more",None,Image,,0,Comment,42 reposts
"On a day of championing women, our Women of Nike and Friends Network had a body inclusive plus size fashion show featuring employees rocking our newest for-her innovations. Grab the looks for yourself: https://lnkd.in/gXQSK9y6hashtag#internationalwomensday



â€¦see more",None,Image,,0,Comment,336 reposts
"How do you follow up on one of the most pivotal sporting momentsÂ for womenâ€™s football? You follow through. Last week, Nike and Football Australia announced a 10-year contract extension, which will continue to support all levels of the game in the country, from Australiaâ€™s elite national teams, the Matildas and Socceroos (senior, youth, para), through toÂ grassroots programs. Nikeâ€™s investment will also focus on Football Australiaâ€™s Legacy â€™23 strategy, increasing access to the game for young girls and women. This strategy is driven by an audacious goal: to make football the nationâ€™s first sport to reach gender parity in participation. Bold? Yes. Possible? Absolutely â€” especially when passionate people on both sides are committed to dreaming big.  For Chris Incoll, Nike Sports Marketing Lead in Pacific Australia, his day-to-day work demands this kind of thinking, alongside national leagues and organizations, to bring about lasting change.Â The momentum created by the past two major tournaments for the men in 2022 and women in 2023Â is just the beginning. â€œItâ€™s a privilege to work closely with Football Australia to build generational impact across the sport,â€ says Chris. â€œI strongly believe in the power of sport to bring people together and change their communities for the better. Delivering on a shared vision and purpose with Football Australia has been the highlight of my 13-year career at Nike.â€Learn more about our extended partnership: https://lnkd.in/gMde92FRhashtag#NikeFootball hashtag#JustDoIt hashtag#GrowTheGame



â€¦see more",None,Image,,0,Comment,32 reposts
"Last weekend, Nikeâ€™s Black Employee Network (BEN) partnered with the Boys & Girls Clubs of Portland Metropolitan Area to put on an indoor field day for local kids in the community. Nike employees led a day of fun activities for the kids, including basketball clinics and games, art stations, technology education stations, face-painting, barbers, braiders, and more.LaShawnta Ellis, an event volunteer and brand specialist with the North America CDM Store Marketing team, says she loves how Nike gives her the chance to make her community better. As a Portland native, LaShawnta has a special place in her heart for this Boys and Girls club, where local kids can create lasting memories in a safe space.â€œOur kids are the future. Having these opportunities at Nike to give back is essential to my job here,â€ LaShawnta says. â€œWe get to be a positive role model in our communities, give these kids hope and encourage them to go after their dreams.â€Learn more about how our employee networks give back: https://lnkd.in/gUVbtpkPhoto Credit: Gavin Kyle Green



â€¦see more",None,Image,,0,Comment,87 reposts
"â€œThis history is too important to the fabric of our nation to be forgotten.â€ That sentiment from Joanne Bland, co-founder and former director of the National Voting Rights Museum, set the tone for a special MLK Day Fireside Chat last week with Willie Gregory, Nike Senior Director of Community & Business Investment. Leading the conversation was Karol Collymore (she/her), Nike Senior Director of Inclusive Community for Social & Community Impact. Preserving our past is paramount for Willie and Joanne, who shared their own stories about growing up in the South during the Civil Rights Movement. Willie shared his memory of being at a high school track practice in Memphis when Dr. Martin Luther King, Jr. was assassinated at the Lorraine Motel, a site which is now preserved as part of the National Civil Rights Museum. For Willie, a member of Nikeâ€™s Black Community Commitment task force, â€œYou donâ€™t know where you need to go if you donâ€™t know where youâ€™ve been.â€  Joanne was just 11 years old when she joined what was supposed to be a peaceful protest and march from George Washington Carver Homes, where she lived in Selma, Alabama, to the state capitol of Montgomery on March 7, 1965, what would become known as â€œBloody Sunday.â€ Sheâ€™s been educating others and fighting for civil rights and social justice ever since. She recently founded Foot Soldiers Park, a Nike-supported nonprofit that serves as a place â€” located at the housing projects where her march began â€”Â to memorialize the foot soldiers of the 1960s and teach others about the Civil Rights Movement and todayâ€™s social justice imperatives. â€œWhen a foot soldier dies, a whole library is gone, because his story is different than mine. Her story is different than mine. And all our stories are important,â€ said Joanne. â€œThereâ€™s no reason that when your great-grandchildren come to Selma, they shouldnâ€™t have a chance to hear me tell my story. And Nikeâ€™s helping me make that happen.â€ Please join us in honoring the life and legacy of Dr. King today by stepping up, speaking out and doing something positive to empower others in your community. And learn more about how Nike is taking action to create a better, more equitable world here: https://lnkd.in/gENJmKV7 hashtag#MLKDay hashtag#takeaction hashtag#justdoit



â€¦see more",None,Image,,0,Comment,109 reposts
"Nike is committed to protecting the planet and the future of sport and has empowered all employees to do their part. For Shawn Li on Nike's sustainability team, that means seeking innovative solutions to use footwear throughout its lifecycle. One example: creating sustainable materials from recycled shoes and using them to build playgrounds for children. Watch this BTS video to learn how Shawn and his team work to make a difference for the next generation. hashtag#JustDoIt hashtag#NikeSustainability hashtag#EarthDay



â€¦see more",None,Video,,0,Comment,136 reposts
"Cathy Swearengen-Duncan, an area manager at the Nike Distribution Center in Memphis, is no stranger to doing good work for her community. Growing up in North Memphis, Cathyâ€™s parents were local apartment managers, she spent lots of time at the Hollywood Community Center after school and she had several relatives who were involved in local politics. She learned early-on the importance of community, giving back and trying to lift up those around you. So when Cathy was given an opportunity to join her local Employee Grant Selection Committee for the Nike Community Impact Fund (NCIF), Nikeâ€™s employee-led, neighborhood-focused approach to grant-making, she couldnâ€™t say yes fast enough. â€œWhenever anyone is looking for volunteers, I raise my hand. It just matters to me,â€ she says. Each committee member is trained on how to assess grant applications, and then they share their insights â€” as individuals who live, work and play in the areas theyâ€™re representing â€” to decide which organizations should receive funding. She's reviewed between 75 and 80 applications. Even as someone who volunteers frequently, she says, she was overjoyed that there were so many people who wanted to help others in the community. The review process is time-consuming, but it wasnâ€™t the hours logged that proved to be the most difficult part for Cathy. The committee members had to ask themselves some tough questions to make their final selections: How many people are they trying to help? How are they engaging kids? Whatâ€™s their lasting impact? While each Nike teammate can only serve on their local NCIF Employee Grant Selection Committee once, Cathy is committed to finding other ways she can continue to make a difference through Nike. â€œEvery time I go out into the community and meet someone connected to a nonprofit, I spread the word about NCIF and tell them to submit an application,â€ she says. â€œTo see Nike help support these nonprofits in doing their work is amazing.â€ Learn more about the Nike Community Impact Fund at https://lnkd.in/eFqiD3YV hashtag#NCIF hashtag#SwooshLife hashtag#JustDoIt



â€¦see more",None,Image,,0,Comment,10 reposts
"Passionate about all things sneakers, Product Line Manager Oris Zhang is a true fan of Nike footwear. Leading up to Air Max Day, Oris and her team have worked to bring theÂ latestÂ Air Max Scorpion to life, incorporating innovation, consumer trends, and local market knowledge every step of the way.  Watch this BTS video to learn more about Oris, her role as a Product Line Manager, and the insights that led to this cutting-edge footwear silhouetteÂ for women. hashtag#AirMaxDay hashtag#ShoeDog hashtag#JustDoIt



â€¦see more",None,Video,,0,Comment,52 reposts
"Our designers love dipping their toes into new disciplines because they know approaching design from a different POV makes the whole community stronger. Take it from Indah Nur, Material Designer for Kids Footwear. She loves how Nikeâ€™s collaborative spaces, like Blue Ribbon Studio, help shape the companyâ€™s design culture. â€œIâ€™m excited to have spaces at Nike for designers to come in and explore our process, look at what other people are doing, and ask them questions. [The community] is able to connect me to so many other designers here.â€Learn more about Nikeâ€™s design community here: https://swoo.sh/3Jkqnxthashtag#CraftTheFuture hashtag#NikeDesign hashtag#LifeatNike hashtag#NikeCareers hashtag#SwooshLife



â€¦see more",None,Video,,0,Comment,48 reposts
"Globally, 45 percent of teenage girls are dropping out of sport â€” thatâ€™s twice the rate of boys â€” and one of the biggest reasons is the impact a sports environment can have on their body confidence and self-esteem. Thatâ€™s why Nike and Dove have partnered to launch Body Confident Sport, a first-of-its-kind set of tools for coaching 11- to 17-year-old girls that will help build their body confidence and make them feel like sport is a place where they belong.We know coaches are uniquely positioned to help positively influence girlsâ€™ perceptions of their bodies, and this new tool is scientifically proven to improve self-esteem and body confidence for girls. â€œThe efficacy of this program is a huge part of why we are so eager to get it into the hands of coaches everywhere â€” it works!â€ says Kelsey Moore, Made to Play Director for North America Social and Community Impact, who worked closely on the partnership. â€œThis project has also transformed my own mindset. As the mother of two young daughters, I plan to model body confidence and do everything in my power to ensure their sport experience is one that helps them reap all the benefits. I want sport and movement to build their confidence, help them understand their power and appreciate what their bodies can do, not what they look like.â€  Find out more about the free tool and how you can get involved: https://lnkd.in/ewJ3WRNY hashtag#JustDoIt hashtag#BodyConfidence hashtag#MadeToPlay



â€¦see more",None,Image,,0,Comment,130 reposts
"Breaking down barriers is what we do at Nike â€” on and off the field. We were proud to take part in the 10th Annual Lesbians Who Tech & Allies Summit and help bring a message of inclusivity to future and current NIKE, Inc. teammates. The event took place virtually and in front of the Castro Theatre in San Francisco and surrounding city blocks, and our own Paula Radloff, VP of Global Talent Acquisition & Executive Search, gave a keynote address for the 15,000-plus attendees on how to â€œconnect to your why.â€ This clear support is something we know resonates with our team and beyond.â€œDiversity work needs intentionality and a companyâ€™s leadership needs to be unflinching in its commitment â€” I am so proud to say thatâ€™s what we have at Nike,â€ says Chantal Awad, Nike Principal Business Architect, who attended the summit. â€œItâ€™s evident in our Nike United Networks, in our Nike Impact Report. And as a global brand, we have the resources, the power, and the will to bring about tangible change.â€Sound like the kind of company you want to be a part of? Check out our open roles and internships: https://jobs.nike.com/hashtag#NikeTech hashtag#SwooshLife hashtag#LesbiansWhoTech



â€¦see more",None,Image,,0,Comment,26 reposts
"At Nike, our designers bring their authentic selves to every product, every meeting, every conversation. Mansoor Amjed knows the authenticity that Nike designers bring to their craft will always push the company to be better.â€œWhen I came to Nike, I knew it was my contribution to bring new ideas as a designer,â€ says Amjed, who works as a color design director for lifestyle footwear. â€œWe always need to think about whether weâ€™re including all voices â€” for who weâ€™re representing and who weâ€™re designing for.â€Learn more about Nikeâ€™s design community here: http://bit.ly/3IyVGmBhashtag#CraftTheFuture hashtag#NikeDesign hashtag#LifeatNike hashtag#NikeCareers hashtag#SwooshLife



â€¦see more",None,Video,,0,Comment,69 reposts
"We are so proud of our Year One Academy graduates ğŸ‰ The Academy is the brain-child of our Business Diversity and Inclusion team, and acts as a six-month training program designed to foster diversity among Nikeâ€™s suppliers, at no cost to them. The program brings together diverse suppliers across all functions of our business and helps them develop their skills in business growth, communication and networking. The Year One cohort graduated last fall and we threw a two-day celebration at Nikeâ€™s World Headquarters in Beaverton, Oreg. in their honor.See why our Nike employees are psyched to support this work and hear from some of the Year One graduates below.Learn more: https://lnkd.in/gsAxTvHk



â€¦see more",None,Video,,0,Comment,104 reposts
"Shout out to Mo and our recent recognition as one of Americaâ€™s greatest workplaces for LGBTQ+Â ğŸ‘ ğŸ³ï¸â€ğŸŒˆ Check out more about how Nike builds a culture of belonging: https://lnkd.in/ds-wqX7vhashtag#SwooshLife hashtag#JustDoIt hashtag#Pride



â€¦see more",https://www.fastcompany.com/queer-50/list,Article,,0,Comment,0
"Nike design culture is literally world-class. We have some of the most talented, creative minds from across the globe, all working together to craft the future of sport. One of them: Raffaella Barbey, a Senior Creative Director of Womenâ€™s Apparel.Take a look at how Raffaella, who took her career path across Western Europe before arriving at Nike, found a passionate community of globally-minded designers who are always ready to help and inspire one another.Learn more about our unique design community here: swoo.sh/3I0KU8lhashtag#NikeDesign hashtag#NikeCrafttheFuture hashtag#LifeatNike



â€¦see more",None,Video,,0,Comment,80 reposts
"For our designers, creating as a team = winning as a team. Here's a look into what makes our Nike design community so inspiring.https://lnkd.in/grE8KKDfhashtag#NikeDesign hashtag#NikeCrafttheFuture hashtag#LifeatNike hashtag#swooshlife



â€¦see more",None,Video,,0,Comment,130 reposts
"No secret that at Nike, we love shoes â€” and we love to celebrate the passion our teammates have for them. Take Ammo(Ssu-Kai) Liao, aÂ Nike Geo Express Lane designer who creates innovative products with strong local elements for sneaker-lovers. Ammo and his team are unveiling new silhouettes to pay tribute to the upcoming Lunar New Year, reinterpreting and building on Nike classics from 12 years ago.  Check out the video below to see the BTS design of the 2023 ""Year of the Rabbit"" sneakers and the cultural significance embodied in the work â€” plus a look into the day-to-day for a Nike sneaker designer. hashtag#nike hashtag#nikedesign hashtag#justdoit 



â€¦see more",None,Video,,0,Comment,176 reposts
"Nikeâ€™s Business Diversity & Inclusion (BDI) program addresses a straightforward question: How can Nike work with more diverse suppliers? After launching its first North American cohort, Nike BDI is expanding to the City of Lights. Like in North America, Nikeâ€™s Parisian BDI program is manifested in the Academy, a four-month program that brings together 15 diverse-owned agencies to address opportunities from the Nike Paris Marketing team ahead of next summer's games in France. Covering event planning and communications, these agencies represent ethnic minority and immigrant-owned, women-owned and disabled-owned businesses. The Academy culminates with a graduation in early 2024. Bruna Braga van Bree, Nike Lead for Procurement Programs in EMEA, leads a team thatâ€™s setting a national precedent for supplier diversity in a large company. The data behind supplier diversity isnâ€™t as widely available in Europe as it is in North America, says Bruna, so she and her teammates led a detailed, from-scratch strategy and partnered with diverse supplier advocacy groups who are also leading the industry in France. â€œBDI is not purely a corporate social responsibility, purpose, or procurement initiative, separate from how the core business works,â€ says Bruna. â€œOur program is embedded in Nikeâ€™s business model. And itâ€™s putting money in the hands of business owners who, in turn, help make Nike a better company."" Before Nike, Bruna spent a decade working in the nonprofit sector. She finds great personal inspiration in her work, she says, because it brings a sense of purpose to everyday business decisions. â€œI think about one of the maxims here at Nike: 'Win as a team,'â€ says Bruna. â€œNo one company is going to solve a problem like underrepresentation of diverse businesses by itself,â€ says Bruna. â€œEvery company can work with diverse suppliers and be part of the solution.â€ Learn more about Nikeâ€™s North American BDI Academy Program here: https://lnkd.in/gBauGUJfhashtag#SwooshLife hashtag#JustDoIt hashtag#WinAsATeam hashtag#NikeBDI



â€¦see more",None,Image,,0,Comment,48 reposts
"Moving the world forward through sport as one team â€” with shout-outs to defining athletes Serena, Shelly-Ann, Megan, Li Na, Bebe, and Ada. hashtag#JustDoIt hashtag#PowerOfPurpose hashtag#NikeImpactReport",None,Image,,0,Comment,0
"Employee well-being is one of our top priorities and weâ€™re honored to be recognized as a company that backs that up with Indeedâ€™s 2023 Better Work Award. The recognition is based on the worldâ€™s largest study of work well-being and millions of employee insights and ratings on job happiness, purpose, satisfaction and stress.  â€œWe incorporate well-being into all aspects of the teammate experience,â€ says Monique Matheson, NIKE Inc.â€™s Chief Human Resources Officer. â€œFrom mental health support to access to sport to financial coaching, we are committed to helping our teammates live their most fulfilling lives and be their best selves â€” at work and outside of it. We know, when we support the well-being of our people, we do our best work as a team.â€ Sound like a company you want to be a part of? Check out our open roles at jobs.nike.com, and learn more about our Better Work Award here: https://lnkd.in/dwKEEaWC. hashtag#NikeCareers hashtag#JustDoIt hashtag#LifeAtNike



â€¦see more",None,Image,,0,Comment,103 reposts
"Big shout toÂ ConverseÂ for itsÂ partnership with Embrace Boston, whoÂ led the creation of this moving memorial honoring Dr. Martin Luther King, Jr. and Coretta Scott King.",None,Image,,0,Comment,0
"Sabrina Ionescu keeps breaking records. She just became the first player in WNBA history to reach 600 assists and 600 rebounds through her first four seasons.Â This came after she set the all time three-point contest record for both men and women in the All-Star Game.Â Today, she hits another milestone: the global launch of the Nike Sabrina 1, her first signature shoe.Ben Nethongkome, Nike's lead designer for the Sabrina 1,Â credits the excitement around the shoeÂ to the group effort among the Nike Basketball team, and especially to Sabrina herself.â€œThe stars aligned for us with Sabrina,â€ says Nethongkome. â€œYou have a generational player, who has a deep connection to Nike and Oregon, whoâ€™s actively partnering with us to grow the womenâ€™s game and serve all players. Our work across design, product development and marketing all flowed organically. When one of the best players in the world partners with one of the best brands in the world, you get a special shoe.â€Learn more about the Sabrina 1 at https://lnkd.in/gaPTZ2P3hashtag#NikeBasketball hashtag#Sabrina1 hashtag#JustDoIt 



â€¦see more",None,Image,,0,Comment,88 reposts
"We know kids do better when they have access to sport. The 2023 Nike Community Impact Fund (NCIF) is ready to help make that happen in the communities where our employees live, work and play.Since 2009, NCIF has awarded $11 million through 1,200-plus grants to grassroots nonprofits that help create active communities and get kids moving. This year, weâ€™ll continue to drive local impact with more than $1.7 million in grantsÂ to support local programs in key cities and employee backyards across the U.S., Canada, Europe and Japan.  What makes the program so special: We invite our employees to share their local insights and play a leading role in choosing the grantees â€” because no one knows what their neighborhood needs more than the people who live there. â€œIt was a tremendous experience to help my community,â€ says Michael Buford,Â aÂ Data AnalystÂ for Nike Corporate Information Services based in St. Louis, who was a part of the employee committee last year forÂ Nike AirÂ Manufacturing InnovationÂ in St. Charles, Missouri.Â HeÂ helped select Color Coded Kids and Urban League of Metropolitan St. Louis, among other nonprofits,Â for a 2022 NCIF grant. â€œHaving the chance to give back in a community I grow up in and seeing some of the changes that were made with the funds â€”Â from back-to-school supplies to restocking for food pantries to a reading lab for one of theÂ inner-city schools â€” was a joy.â€ An organization in your neighborhood can be part of that positive impact too. Applications are open now for eligible nonprofits, community organizations and schools at about.nike.com/ncif â€œIf you have the opportunity to give back, and you have a voice to express where the funds are being used, take on that task,â€ encourages Buford. Or in other words? â€œJust do it!â€ he says. hashtag#NikeCommunityImpactFund hashtag#nonprofits hashtag#justdoit 



â€¦see more",http://about.nike.com/ncif,Article,,0,Comment,109 reposts
"Itâ€™s playoff season, and Converse is bringing back something special ğŸ€. Shout out to Sam for the hoops history.hashtag#LifeAtConverse hashtag#CreateNext 



â€¦see more",None,Video,,0,Comment,0
"At Nike, sustainability is integrated into everything we do. From innovative products that make athletes better, to day-to-day operations across the entire enterprise. â€œItâ€™s a relentless process that provokes us to always ask 'What if?,'â€œ says Nikeâ€™s Chief Sustainability Officer, as he reflects on how we work together to protect the future of this planet, and with it the future of sports. hashtag#Nike hashtag#Sustainability hashtag#ImpactReport



â€¦see more",https://www.linkedin.com/pulse/progress-more-do-how-we-accelerate-innovation-drive-noel-kinder?trackingId=TZlbd%2BjrIoQxo9WMWwDASQ%3D%3D,Article,,0,Comment,0
"In 2013, after being promoted to a head coach in Barstow, Calif., Jose Miranda got a call from his regional director. His team had won an area-wide contest, and as the leader, Jose won a round-trip vacation to anywhere in the United States. But Jose thinks like a local changemaker. Nikeâ€™s community involvement at its retail locations was the main reason that led him to the company in 2012 as a coach at the Las Vegas store. He knew that the Barstow store partnered closely with the nearby Boys & Girls Club, which was still using old, worn-down sports equipment. â€œI asked my director what the amount for the trip was, and he said about $3,500,â€ says Jose. â€œNike retail is all about inspiring action right where you are. I wanted my job with Nike to serve something bigger than just myself. For a lot of people, Nike stores are their main impression of the brand. I wanted Nike to be known in our community as a retail brand that was doing good.â€ A week later, Jose rolled into the Boys & Girls Club facility, the back of his truck filled with $3,500 worth of sports balls, football helmets, and other shiny new gear. The response was overwhelmingly positive. Word of Joseâ€™s generosity got around to Nike World Headquarters, prompting another phone call from Joseâ€™s regional director. The company was flying him to Beaverton to share his story of generosity with Nike executive leaders at a meeting. â€œWhile I was on stage, one of the Nike leaders said the company had a gift for me,â€ Jose says. It was a giant cardboard check for $3,500, the same amount he had given back to his community. Jose is now a regional district director in Chandler, Arizona, where heâ€™s helping grow the network of stores throughout the state. Heâ€™s still inspiring his store athletes to serve the needs of the local community and to respond with real action, just like he did in Barstow. Sound like a career you want to be a part of? Learn more about retail careers at https://jobs.nike.com/ hashtag#NikeCareers hashtag#JustDoIt hashtag#SwooshLife 



â€¦see more",None,Image,,0,Comment,49 reposts
"Jenna Etherington joined NIKE, Inc. in 2011 as an Assistant Head Coach in San Clemente, Calif., and has since built a stellar career in retail. She was promoted to Head Coach in part due to â€œstretchâ€ assignments, opportunities for NIKE employees to grow their toolkit and gain different experiences by working on another team.Now, as the Area Director for NIKEâ€™s South LA and Orange County stores, Jenna uses the NIKE Track Stretch HQ program to pay it forward and ensure her teams can access career-propelling assignments. Track Stretch HQ is a six-month development experience available to all retail teammates. Participants travel to work in different NIKE territories in Beaverton, Los Angeles, New York City and Chicago, where they develop critical skills and explore different career paths and specializations. At the end of the stretch experience, they return to their store and former roles with new experiences gained and relationships built. Many use their Track Stretch HQ experience to continue building their careers in retail or at NIKE headquarters. Jenna says more than 50 people from the stores she oversees have participated in Track Stretch roles. At least half have landed a new role, often earning a promotion. A stretch rounds out skills and can help clarify career direction. From Jennaâ€™s perspective, Track Stretch is also a critical way to level the playing field. â€œThe minute Track Stretch HQ launched, it allowed everybody to have the same career-building options, regardless of the store or marketplace they worked in,â€ says Jenna. Because retail employees earn a salary for their stretch role, she says it can be financially life-changing for many people. â€œThere is a home for everyone at NIKEâ€”whether they want to work in product innovation, engineering or retailâ€”we can find it.â€ Sound like the kind of company you want to be a part of? Learn more at https://jobs.nike.com/Photo Credit: Joshua Sondelskihashtag#NikeCareers hashtag#JustDoIt hashtag#SwooshLife



â€¦see more",None,Image,,0,Comment,41 reposts
"Shawn Harvey, Assistant Head Coach at the NIKE Factory Store in Orange, CA, prides himself on being a â€œjack of all trades,â€ ensuring everything at the store â€“ from logistics and merchandising to customer experience â€“ runs smoothly. Shawn was looking for ways to grow his career at NIKE when he received an email to join a professional development program that partners NIKE Retail teammates with our Tech and Digital teams. The programâ€™s rationale is simple: Retail insights lead to stronger digital experiences for customers, while new skills and connections help employees grow their professional circle.  Shawn spent a few months embedded in an app creation team at NIKEâ€™s World Headquarters in Beaverton, Ore. Specifically, he helped the app team figure out how to create a more connected experience for store athletes across NIKEâ€™s retail apps.  While at WHQ, Shawn earned his â€œScrum Masterâ€ certificate, learning more about project management, iterative progress, accountability and team performance. He knew the skills would be beneficial â€“ â€œNow in my store, I dissect all our tasks using Scrum principles, taking out all the noise and nonsense so itâ€™s easier for my team to succeed.â€ After completing this professional development program, many participants use their experience to grow in the retail environment or pursue roles elsewhere in the company. â€œAs you gain more responsibility in your job, itâ€™s easy to lose sight of your personal career development,â€ he says. â€œNIKEâ€™s professional development programs overall have been pivotal for me in growing as a leader.â€ Nikeâ€™s Firstline teammates have different ways to grow and develop on the job.Â Programs like Track Stretch Retail, Track Stretch HQ and District Community Championship (to name a few) range from 15 weeks to two years in duration. They focus on skill building and leadership development while exposing participants to different parts of the job and the company. Sound like the kind of company you want to be a part of? Learn more at https://jobs.nike.com/Photo Credit: Joshua Sondelskihashtag#NikeCareers hashtag#JustDoIt hashtag#SwooshLife



â€¦see more",None,Image,,0,Comment,41 reposts
"Couldnâ€™t have said it better, John Hoke III. You wonâ€™t find a design community like ours anywhere else.hashtag#NikeDesign hashtag#NikeCrafttheFuture hashtag#LifeatNike hashtag#swooshlife 



â€¦see more",None,Video,,0,Comment,0
"Iris Pakingan knows what great mentorship looks like. After a decade in corporate environments, leading a non-profit and mentoring diverse groups of people, it's the mentors sheâ€™s had at Nike that have led her to build a career at the company. Iris is a director based out of ReLAy, Nikeâ€™s first regional service center focused exclusively on online order fulfillment, and she contributes her mentors for the growth sheâ€™s experienced. â€œMy leaders have been authentic and engaged, ensuring I can fully be myself at work,"" she says. â€œThey've cared enough to challenge me and also have taken to heart how I want to grow my career.â€ For Iris, that growth included pursuing a graduate degree. Nikeâ€™s tuition assistance plan covered part of the cost, helping Iris graduate debt free. But it was the support of her leaders that helped make balancing work and school possible. They cared about her goals and worked to provide a flexible schedule to support her in earning the degree. â€œAt one point, I had two required in-person classes, 7:00 to 9:00 p.m., while working full-time and living an hourâ€™s commute from the school campus,â€ she says. â€œIf I had stuck to that setup, I wouldnâ€™t have found the time to commute, much less sleep or make my 3:45 a.m. start time. So, I asked my manager if I could work four ten-hour days instead to rebalance the load. He fully supported me, and I did that for eight weeks â€” the duration of the classes.â€ As soon as she graduated, Iris took a new operations manager role, putting her in a position to help start Nikeâ€™s regional service network as part of its supply chain transformation. With a promotion to her current role as Director, sheâ€™s now leading the development of new strategic capabilities to evolve Nikeâ€™s regional service center network. For Iris, Nike embodies her beliefs about leadership, community and people. Through drive, perseverance and the help of others, she created a career in Los Angelesâ€”the city she lovesâ€”and considers it a privilege to be in a position where she can support teammates like sheâ€™s been supported. She also wants to keep learning. â€œI had such a positive experience with the tuition reimbursement and with my mentors supporting me, that Iâ€™m considering getting my doctorate in Business Administration,â€ she says. â€œItâ€™s rare to get the kind of flexibility that you can experience at Nike, and I know that Iâ€™ve got the great managers to support my journey.â€ Sound like the kind of company you want to be a part of? Learn more at https://jobs.nike.comPhoto Credit: Joshua Sondelski



â€¦see more",None,Image,,0,Comment,27 reposts
"The Nike InfinityRN 4 launched last week with a breakthrough technology: Nike ReactX foam. ReactX gives runners more energy return â€” about 13% â€” than Nike React Foam while leaving a much lower carbon footprint â€” 43% to be exact. Sounds simple enough, right? Except that the chemistry required to make those two things exist simultaneously is really complicated, requiring a dream team of chemists, scientists, engineers and cushioning experts.That dream team was a real-life roster for Golnaz Armin, Nike VP, Footwear, Material Innovation. Arminâ€™s team worked for the better part of five years to reconcile traits that are seemingly at odds: performance and sustainability. She says she loves how the entire team was compelled by the setbacks of the design process, not turned off by them. An issue in a prototype just meant that a better solution was around the corner. The mutual determination shared by a team of brilliant, like-minded people is one reason why ReactX is a success story. â€œIâ€™m at Nike because of the people,â€ says Armin. â€œTheyâ€™re the best at what they do, the best in their fields. All of the challenges we faced along the way couldâ€™ve stopped us from moving forward, but our team's resilience and expertise carried us through."" Learn more about how Nike is protecting the future of sport at https://lnkd.in/gENJmKV7hashtag#JustDoIt hashtag#NikeRunning hashtag#Innovation 



â€¦see more",None,Image,,0,Comment,207 reposts
"After getting married in 2017, Katherine McLennan and her husband Kyle were excited to start a family. Unfortunately, the couple learned that getting pregnant on their own might not be in the cards.During what she describes as one of the roughest periods of her life, Katherine, a Coach at the Nike Factory Store in Lakewood, Colo., went through three rounds of IVF that ended in multiple miscarriages. â€œMy eggs werenâ€™t viable,â€ says Katherine. â€œIt became clear we would need additional support, whether that was an egg donor or even somebody to carry a child for us.â€ That's when Katherine turned to Progyny, Inc. Through its partnership with Progyny, NIKE, Inc. provides employees with family-building benefits like fertility treatment, adoption and surrogacy coverage. Teammates have access to unlimited â€˜Smart Cyclesâ€™ for fertility services like IVF, egg retrieval, and more. Progyny made the whole process simple for Katherine and Kyle.Â They were paired with a dedicated Patient Care Advocate, who listened effectively and with the help of their fertility specialist, aligned on a plan. â€œThe day that we found out we matched with our preferred donor was one of the most exciting days of my life,â€ Katherine recalls. â€œWe ended up getting four viable embryos, and the first implantation turned into a healthy pregnancy. After so many years navigating disappointments and heartache, we could finally bask in the joy that we were going to be parents.â€In June 2022, The McLennans were ecstatic to welcome baby Serena into their lives. The newly-turned one-year-old has brought so much joy. Katherine and Kyle canâ€™t imagine life without her.â€œWe wouldnâ€™t be a family without Nike and Progyny,"" she says. ""They gave us a lot of things â€“ but what they gave us most of all was hope.â€Check out our Well-Being page on LinkedInÂ to learn more about how Nike supports the physical, emotional and financial well-being of our teammates: https://lnkd.in/gpxHDGvmhashtag#NikeBenefits hashtag#JustDoIt hashtag#WorldInfertilityAwarenessMonth



â€¦see more",None,Image,,0,Comment,39 reposts
"After home-schooling their five-year-old son Angelo throughout Covid, Mariana Psarianos and her husband started looking for someone to help AngeloÂ adjust to some changes, like starting at a new school. Initially, Mariana had little success, facing long wait times and high costs. Then she read about NIKE, Inc.â€™s RethinkCare benefit in a Nike Families newsletter.Through RethinkCare, U.S. employees and their families have 24/7 access to unlimited consultations and personalized support from dedicated learning and behavior experts, and access to online tools and resources to help parents and children better communicate with each other. There are no age restrictions and all associated fees are covered by Nike. Marianaâ€™s RethinkCare coach helped Angelo navigate challenges, from trying new foods to adjusting to new teachers and classmates. She educated the family about developmentally-appropriate sports, and how to change their day-to-day communication to be more kid-friendly. â€œOur family now has a shared language to talk about big emotions, and my son is super into it because he loves superheroes,â€ says Mariana, a Product Manager in North America Operations and Logistics. â€œFor example, he can connect an emotion to Glass Man, who breaks at the smallest thing, or Super Flex, who uses flexible thinking to succeed. It makes me so happy to hear him telling himself, â€˜I can think of a way to solve this problem.â€™Â It takes a village to raise a child and Iâ€™m so thankful that RethinkCare is a part of ours.â€Learn more about how Nike supports employees and their families at https://lnkd.in/g8Wi4tbPhoto Credit: Joshua Sondelskihashtag#NikeBenefits hashtag#JustDoIt hashtag#SwooshLife



â€¦see more",None,Image,,0,Comment,85 reposts
"â€œI was dealing with postpartum depression after having my last baby,â€ says Christy Hairston, West Territory Nike Athlete Experience (NAX) Trainer based in LA. â€œAs a mother of four, I had dealt with postpartum before, but this time, it felt different. My husband was incredibly supportive but he suggested I might need more help than just him. Thatâ€™s when I decided to check out Lyra.â€  Through NIKE, Inc.â€™s partnership with Lyra Health, employees and their eligible dependents receive free, confidential coaching and therapy sessions, plus access to mental wellness tools and self-guided care.Â For Christy, it was easy to sign up. There was no waiting period, and it was convenientÂ to fit virtual sessions into her schedule.One perk of Nikeâ€™s Lyra benefit is selecting your own therapist or coach, an aspect that Christy described as a â€œgame changer.â€ Lyra prioritizes diversity and has a network of providers representing different backgrounds, lived experiences and identities. â€œHaving the ability to choose my provider made a huge difference for me as a woman of color,â€ she shares.Â â€œI wanted someone I could identify with â€“Â someone who understood the complexities in my life and who could go deep with me into my emotions, like the trauma of being in labor and not having the doctor listen to me because I am Black.â€  â€œNow, I am becoming the person I envision â€“ fully me emotionally, physically, and mentally.â€ Learn more about how Nike supports employees and their families here: https://lnkd.in/g8Wi4tb hashtag#NikeBenefits hashtag#JustDoIt hashtag#WorldMaternalMentalHealthDay Photo Credit: Joshua Sondelski



â€¦see more",None,Image,,0,Comment,80 reposts
"The Jordan Brand really is in theÂ airÂ lately. The newest Jordan World of Flight door in Shibuya, Tokyo is a tribute to the legacy and future of basketball culture. For Shiho Nakamura, Jordan World of Flight Shibuya Head Coach, the opportunity to bring the Jordan Brand to her community isnâ€™t just a job â€” itâ€™s a passion. ""When I was in high school, there was no women's basketball team in my school, so I petitioned the principal to create a team,"" says Nakamura. ""I eventually served as the captain of that team and Jordan shoes have continuously inspired me and been with me all along that journey of self-expression and love for basketball. Being part of the storeâ€™s opening fills me with pride and joy every day. Seeing the excitement on our customers' faces as they explore our store and connect with the brand is the ultimate reward for all the hard work and dedication that went into making this store a reality.""Explore more Jordan Brand: https://lnkd.in/gyCXQi4h hashtag#JordanBrand hashtag#Jumpman hashtag#WorldOfFlight 



â€¦see more",None,Image,,0,Comment,73 reposts
"NohÃ¡n Cruz, CDR and his wife were facing a common problem: how to afford sending their sons to college. Luckily, NohÃ¡n, a Territory Recruiting Lead in Los Angeles, remembered a call he had with NIKE, Inc. HR about the financial coaching available to employees through EY Navigateâ„¢.Through EY, NIKE provides free, unlimited financial coaching and education to allÂ U.S.-based employees and their spouse or domestic partner. Employees can choose from a diverse team of credentialed financial coaches who are trained on NIKEâ€™s pay and benefits, and get assistance with retirement planning, college savings, or simply putting together a household budget. Looking for help, NohÃ¡n dialed the number.  â€œThat one phone call unlocked a lot of opportunities for us in how to plan a future for our boys,â€ he says. â€œIt was a reality check. We had to answer some hard questions, like what are our needs versus our wants. But we knew we had to answer those questions if we wanted to open a door for our boys to go to college.â€ NohÃ¡n and his wife put some new habits into practice to save money. Now, their eldest son has a Portland State degree in Physics, working as a Systems Integration Engineer.Â Their youngest is wrapping up a successful freshman year at El Camino College. Today NohÃ¡n is excited to help his teammates understand the full range of benefits available to employees. The biggest impact of the phone call, he says, was knowledge. â€œMy advice to other NIKE employees is to learn about all the benefits that are available to you,â€ says NohÃ¡n. â€œLean into the people who know it. Theyâ€™ll lead you to the water so you can drink and learn more.â€  Interested in how we support the physical, emotional and financial well-being of our teammates? Visit our Well-Being page on LinkedIn and check out open roles at jobs.nike.com.Photo credit: Joshua Sondelskihashtag#NikeBenefits hashtag#JustDoIt hashtag#FinancialLiteracyMonth



â€¦see more",None,Image,,0,Comment,49 reposts
"A planetary physicist by training, Eric King joined Nikeâ€™s Advanced Innovation Center as Exploration Director to make real, sustainable change on a systemic level. Heâ€™s also one of the internal experts whose thoughts are featured in our new book, â€œNo Finish Line,â€ Nikeâ€™s design vision for the next 50 years.  According to Eric, when you're thinking about systems innovation, it's super easy to getÂ bogged down. But one of the most important and meaningful things you can do is paint a vision for whatÂ the future could be. â€œI came to Nike because I think some of this change needs to come from the private sector and Nike is uniquely capable of driving change on a mass scale,"" says Eric. ""If we can show what that future looks like and start acting on it,Â we can bring the whole industry with us. And if we change our industry, it's likely that adjacentÂ industries will come along too.â€ For more insight into Nikeâ€™s culture of innovationÂ â€”Â and our athletesâ€™, designersâ€™ and scientistsâ€™ hopes for the future â€” pick up a copy of â€œNo Finish Line,â€ out today from Actual Source and in select bookstores around the world.



â€¦see more",None,Image,,0,Comment,51 reposts
"In celebration of Black History Month, Nike is honoring Black achievement by sharing visibility to the people and organizations combatting systemic racism and creating change in their communities and beyond. â€œWe believe that our year-round commitment to championing, amplifying and investing in the well-being of Black communities â€” nationally and locally â€” has the power to drive transformative change,â€ said Karol Collymore (she/her), Senior Director of Inclusive Community for Social & Community Impact, NIKE, Inc. In advance of announcing our most recentÂ Black Community Commitment grantees, Collymore led a panel discussion last week at Nikeâ€™s NYC HQ with three amazing female BCC leaders â€” Dr. Patrice S. Johnson, Chief Program Officer of Black Girls Code, Dr. Lena Green,  DSW, LCSW, CLC, Executive Director ofÂ The Hope Center in NYC, and Melanie Campbell, President & CEO of the The National Coalition on Black Civic Participation. â€œTo be able to function at your peak physically, you must be mentally fit. So we focus on bringing those opportunities to our community,â€ says Dr. Green about the Hope Center. â€œWith the support of Nike, weâ€™ve been able to create a program specifically for teens called Thrive. Itâ€™s focused on suicide prevention for Black and Latinx youth, making sure theyâ€™re not just getting physical activity, but theyâ€™re also thinking about what it means to be well and what it means to be connected.â€  Learn more about how Nike is supporting and investing in the Black communityÂ here: https://lnkd.in/gVqTjmmW



â€¦see more",None,Image,,0,Comment,59 reposts
"In 2022, Nike was represented at recruiting events nationwide, connecting with thousands of incredibly talented, diverse people, and ultimately hiring amazing new teammates. Tapping into that energy inspires our current employees, too.""I had the opportunity to attend the Society of Women Engineers conference with Women of Nike,"" says Nina Lasswell, Marketing Insights Manager. â€œThe highlight was getting to help recruit at the career expo Nike booth. Talking with those interested in Nike was so energizing.""Are you one of those people? Bookmark www.jobs.nike.com to track our new roles.hashtag#nikecareers hashtag#justdoit 



â€¦see more",None,Image,,0,Comment,55 reposts
